Customer_Id;Anrede;Vorname ;Nachname;PLZ;Ort;Strasse;Hausnummer;Telefon;Email;Mobil;Erstellt
1;Herr;Vitus;Schmidt;57539;Fürthen;Waldstr.;26;02682/3840283;personal@no-addr.com;01578/66621957;05.07.2025 00:18
2;Herr;Oswin;Spitznogle;92445;Neukirchen-Balbini;Haselhof;4;09465/1360388;info@company.info;;08.06.2025 01:11
3;;Mamu;Esser;57518;Betzdorf;Hähnerweg;28;;marketting@blue-white.biz;;15.05.2025 12:49
4;Frau;Theodrada;Geier;35510;Butzbach;Stautzertstr.;42;06033/1931866;theodrada@t-pomline.de;0162/65419702;29.05.2025 07:16
5;;Wyneken;Schneider;28870;Ottersberg;Achtern Hoff;45;04205/5026956;info@zo-texit.de;01516/20202355;03.06.2025 04:02
6;;Sancia;Kappel;50189;Elsdorf;Haus Etzweiler;16;02274/3418421;;01516/33824616;23.06.2025 03:50
7;Herr;Hildegrim;Wendell;97255;Sonderhofen;Am Hundsberg;1;09335/9643561;logistik@x-piros.de;01570/60922421;07.05.2025 18:34
8;;Neadelia;Baumgärtner;98528;Suhl;Brunnenstr.;1;03681/1386137;personal@blue-white.info;0176/43052909;21.07.2025 20:30
9;Frau;Marzella;Rothbauer;15295;Groß Lindow;Birkenweg;38;033609/1494659;m.rothbauer@zrp-communications.de;01523/38308524;20.06.2025 12:57
10;Frau;Dietlana;Schulte;17039;Wulkenzin;Quittenweg;36;039601/668188;info@qt-power.info;0176/82676662;07.06.2025 01:58
11;Herr;Simon;Beltz;67547;Worms;Am Alten Schlachthof;41;06241/1308400;simon@x-piros.net;;14.05.2025 19:07
12;Herr;Lutwin;Brantley;46348;Raesfeld;Kettelerstr.;11;02865/5753955;lutwin@blue-white.de;01573/68985139;17.05.2025 05:47
13;Herr;Florian;Kuhn;49716;Meppen;Püntkers Patt;40;05931/837151;florian@x-piros.de;;30.06.2025 01:55
14;Herr;Peer;Leitzke;87600;Kaufbeuren;Herbststr.;28;08341/7779990;peer.leitzke@company.net;;26.05.2025 19:16
15;;Doerk;Scheer;91332;Heiligenstadt i.OFr.;Brunn;8;09198/9126652;scheer@qt-power.net;0176/20414602;19.07.2025 03:15
16;;Dejna;Bauer;87642;Halblech;Allgäuer Str.;19;08368/2917956;d.bauer@t-pomline.de;0174/75463917;13.07.2025 20:43
17;Herr;Baldo;Hölzer;35282;Rauschenberg;Heimbacher Weg;19;06425/1762264;;01520/40430813;11.07.2025 09:59
18;;Nastya;Moser;49201;Dissen am Teutoburger Wald;Akazienweg;31;05421/2998013;moser@technikzq.de;0173/53747835;18.05.2025 04:22
19;Herr;Crishan;Bauer;57539;Fürthen;Im Sieggarten;14;02682/9353955;c.bauer@web-t.de;01520/30659313;13.05.2025 19:19
20;;Tillman;Schulte;64653;Lorsch;Friedhofstr.;16;06251/5496753;schulte@extend.de;01573/94965374;27.05.2025 21:31
21;Frau;Finnity;Kranz;91785;Pleinfeld;Sandstr.;6;09144/7766936;;01525/80183786;21.05.2025 01:22
22;Frau;Traudhilde;Groß;32549;Bad Oeynhausen;Grünlandweg;21;05731/6577217;info@extend.de;01523/58403241;07.05.2025 06:54
23;Frau;Lanielle;Horn;21244;Buchholz in der Nordheide;Tulpenweg;25;;einkauf@zo-texit.de;01578/80389115;19.05.2025 11:08
24;Frau;Triciana;Keller;30159;Hannover;Köbelingerstr.;2;0511/1466541;triciana@qt-power.net;01590/32227168;27.05.2025 13:14
25;Frau;Leanca;Werner;84494;Neumarkt-Sankt Veit;Johann-Strauß-Str.;25;08637/8151053;leanca.werner@comm-prefix.de;0177/75062816;26.05.2025 05:28
26;;Clara;Groß;18246;Jabelitz;Dorfstr.;42;038462/9497236;clara@zo-texit.de;01520/40007817;14.05.2025 01:03
27;Frau;Natalie;Hölzer;59929;Brilon;Am Poppenberg;11;02961/4365842;personal@comm-prefix.de;0172/52784276;07.05.2025 10:45
28;Frau;Thomke;Köhl;73207;Plochingen;Gablenberg;2;07153/9194939;khl@technikzq.info;01590/61990569;03.07.2025 02:34
29;Frau;Bo;Rothenberg;52525;Heinsberg;Auf dem Pfädchen;5;02452/1110231;personal@company.com;01590/58526444;11.07.2025 10:51
30;;Fabian;Werner;28857;Syke;Zum Kolk;31;04242/440640;f.werner@extend.net;01590/76192739;07.06.2025 05:19
31;Herr;Götz;Geier;26939;Ovelgönne;Winterbahn;17;04480/4967767;logistik@zo-texit.de;0177/91114625;02.07.2025 10:29
32;Frau;Reingard;Leverenz;46446;Emmerich am Rhein;Ginsterweg;19;;r.leverenz@zrp-communications.de;01577/93510913;20.07.2025 11:53
33;Frau;Oryana;Kaufer;59227;Ahlen;Warendorfer Str.;37;02382/2498377;oryana.kaufer@t-pomline.de;0178/55525200;29.05.2025 08:25
34;Frau;Hilka;Biermann;88437;Maselheim;Veilchenweg;13;07351/1269946;personal@x-piros.de;01578/52087025;21.05.2025 08:37
35;Frau;Sabrina;Kaiser;31246;Ilsede;An der Bundesstr.;11;05174/8801324;sabrina.kaiser@company.de;0179/57267171;06.05.2025 22:06
36;;Fawini;Koch;42579;Heiligenhaus;Ahrweg;37;02056/5839771;fawini@t-pomline.com;01577/72082895;25.05.2025 11:07
37;Frau;Reinhild;Wolf;64732;Bad König;Am Gänsbrunnen;39;06063/8279897;r.wolf@web-t.de;;01.05.2025 22:58
38;;Melanie;Schwarz;45131;Essen;Brassertstr.;34;0201/5785595;info@t-pomline.de;01525/82737510;09.05.2025 14:54
39;Herr;Daniel;Protz;97725;Elfershausen;Am Klingengraben;42;09704/9095618;daniel@comm-prefix.net;01590/60435138;01.06.2025 10:44
40;Frau;Anabell;Gehring;18334;Bad Sülze;Am Sportplatz;28;038229/5359940;einkauf@web-t.net;01570/97894585;20.05.2025 03:51
41;;Petja;Schuchard;16269;Bliesdorf;Waldweg;45;033456/7277234;p.schuchard@blue-white.de;0176/14076176;01.07.2025 15:16
42;;Napoleon;Saller;16341;Panketal;Bremer Str.;25;030/1027060;info@t-pomline.com;0179/47566672;11.06.2025 19:52
43;;Melanie;Jager;88260;Argenbühl;Alpgaustr.;9;07566/5017363;einkauf@qt-power.de;01577/64607755;12.06.2025 12:11
44;Herr;Wiebe;Beutel;65817;Eppstein;Ickstadtstr.;5;06198/6472410;w.beutel@t-pomline.de;01570/98571458;23.07.2025 06:46
45;Frau;Beate;Tanzer;24797;Breiholz;Thorhof;41;04332/2641383;beate.tanzer@qt-power.de;0172/78631892;14.05.2025 16:41
46;Herr;Peter;Biermann;33790;Halle (Westf.);Buschweg;13;05201/5569402;p.biermann@zo-texit.de;0179/75516410;18.06.2025 20:13
47;Frau;Richenza;Heinrichs;73479;Ellwangen (Jagst);Wilhelm-Maybach-Str.;29;07961/3158985;richenza@qt-power.de;0178/56403814;02.07.2025 18:02
48;Frau;Gunde;Siebert;65599;Dornburg;Irmgardishof;34;06436/7030104;;0176/53400510;08.05.2025 08:31
49;Frau;Bilhilde;Krause;19357;Karstädt;Am Dorfplatz;14;038780/866630;bilhilde@blue-white.de;0179/77708188;24.05.2025 10:24
50;;Efe;Fischer;65479;Raunheim;Rabenweg;29;06142/7245618;efe.fischer@company.com;0176/87132643;07.07.2025 21:08
51;Herr;Vitus;Schmidt;57539;Fürthen;Waldstr.;26;02682/3840283;personal@no-addr.com;01578/66621957;05.07.2025 00:18
52;Herr;Oswin;Spitznogle;92445;Neukirchen-Balbini;Haselhof;4;09465/1360388;info@company.info;;08.06.2025 01:11
53;;Mamu;Esser;57518;Betzdorf;Hähnerweg;28;;marketting@blue-white.biz;;15.05.2025 12:49
54;Frau;Theodrada;Geier;35510;Butzbach;Stautzertstr.;42;06033/1931866;theodrada@t-pomline.de;0162/65419702;29.05.2025 07:16
55;;Wyneken;Schneider;28870;Ottersberg;Achtern Hoff;45;04205/5026956;info@zo-texit.de;01516/20202355;03.06.2025 04:02
56;;Sancia;Kappel;50189;Elsdorf;Haus Etzweiler;16;02274/3418421;;01516/33824616;23.06.2025 03:50
57;Herr;Hildegrim;Wendell;97255;Sonderhofen;Am Hundsberg;1;09335/9643561;logistik@x-piros.de;01570/60922421;07.05.2025 18:34
58;;Neadelia;Baumgärtner;98528;Suhl;Brunnenstr.;1;03681/1386137;personal@blue-white.info;0176/43052909;21.07.2025 20:30
59;Frau;Marzella;Rothbauer;15295;Groß Lindow;Birkenweg;38;033609/1494659;m.rothbauer@zrp-communications.de;01523/38308524;20.06.2025 12:57
60;Frau;Dietlana;Schulte;17039;Wulkenzin;Quittenweg;36;039601/668188;info@qt-power.info;0176/82676662;07.06.2025 01:58
61;Herr;Simon;Beltz;67547;Worms;Am Alten Schlachthof;41;06241/1308400;simon@x-piros.net;;14.05.2025 19:07
62;Herr;Lutwin;Brantley;46348;Raesfeld;Kettelerstr.;11;02865/5753955;lutwin@blue-white.de;01573/68985139;17.05.2025 05:47
63;Herr;Florian;Kuhn;49716;Meppen;Püntkers Patt;40;05931/837151;florian@x-piros.de;;30.06.2025 01:55
64;Herr;Peer;Leitzke;87600;Kaufbeuren;Herbststr.;28;08341/7779990;peer.leitzke@company.net;;26.05.2025 19:16
65;;Doerk;Scheer;91332;Heiligenstadt i.OFr.;Brunn;8;09198/9126652;scheer@qt-power.net;0176/20414602;19.07.2025 03:15
66;;Dejna;Bauer;87642;Halblech;Allgäuer Str.;19;08368/2917956;d.bauer@t-pomline.de;0174/75463917;13.07.2025 20:43
67;Herr;Baldo;Hölzer;35282;Rauschenberg;Heimbacher Weg;19;06425/1762264;;01520/40430813;11.07.2025 09:59
68;;Nastya;Moser;49201;Dissen am Teutoburger Wald;Akazienweg;31;05421/2998013;moser@technikzq.de;0173/53747835;18.05.2025 04:22
69;Herr;Crishan;Bauer;57539;Fürthen;Im Sieggarten;14;02682/9353955;c.bauer@web-t.de;01520/30659313;13.05.2025 19:19
70;;Tillman;Schulte;64653;Lorsch;Friedhofstr.;16;06251/5496753;schulte@extend.de;01573/94965374;27.05.2025 21:31
71;Frau;Finnity;Kranz;91785;Pleinfeld;Sandstr.;6;09144/7766936;;01525/80183786;21.05.2025 01:22
72;Frau;Traudhilde;Groß;32549;Bad Oeynhausen;Grünlandweg;21;05731/6577217;info@extend.de;01523/58403241;07.05.2025 06:54
73;Frau;Lanielle;Horn;21244;Buchholz in der Nordheide;Tulpenweg;25;;einkauf@zo-texit.de;01578/80389115;19.05.2025 11:08
74;Frau;Triciana;Keller;30159;Hannover;Köbelingerstr.;2;0511/1466541;triciana@qt-power.net;01590/32227168;27.05.2025 13:14
75;Frau;Leanca;Werner;84494;Neumarkt-Sankt Veit;Johann-Strauß-Str.;25;08637/8151053;leanca.werner@comm-prefix.de;0177/75062816;26.05.2025 05:28
76;;Clara;Groß;18246;Jabelitz;Dorfstr.;42;038462/9497236;clara@zo-texit.de;01520/40007817;14.05.2025 01:03
77;Frau;Natalie;Hölzer;59929;Brilon;Am Poppenberg;11;02961/4365842;personal@comm-prefix.de;0172/52784276;07.05.2025 10:45
78;Frau;Thomke;Köhl;73207;Plochingen;Gablenberg;2;07153/9194939;khl@technikzq.info;01590/61990569;03.07.2025 02:34
79;Frau;Bo;Rothenberg;52525;Heinsberg;Auf dem Pfädchen;5;02452/1110231;personal@company.com;01590/58526444;11.07.2025 10:51
80;;Fabian;Werner;28857;Syke;Zum Kolk;31;04242/440640;f.werner@extend.net;01590/76192739;07.06.2025 05:19
81;Herr;Götz;Geier;26939;Ovelgönne;Winterbahn;17;04480/4967767;logistik@zo-texit.de;0177/91114625;02.07.2025 10:29
82;Frau;Reingard;Leverenz;46446;Emmerich am Rhein;Ginsterweg;19;;r.leverenz@zrp-communications.de;01577/93510913;20.07.2025 11:53
83;Frau;Oryana;Kaufer;59227;Ahlen;Warendorfer Str.;37;02382/2498377;oryana.kaufer@t-pomline.de;0178/55525200;29.05.2025 08:25
84;Frau;Hilka;Biermann;88437;Maselheim;Veilchenweg;13;07351/1269946;personal@x-piros.de;01578/52087025;21.05.2025 08:37
85;Frau;Sabrina;Kaiser;31246;Ilsede;An der Bundesstr.;11;05174/8801324;sabrina.kaiser@company.de;0179/57267171;06.05.2025 22:06
86;;Fawini;Koch;42579;Heiligenhaus;Ahrweg;37;02056/5839771;fawini@t-pomline.com;01577/72082895;25.05.2025 11:07
87;Frau;Reinhild;Wolf;64732;Bad König;Am Gänsbrunnen;39;06063/8279897;r.wolf@web-t.de;;01.05.2025 22:58
88;;Melanie;Schwarz;45131;Essen;Brassertstr.;34;0201/5785595;info@t-pomline.de;01525/82737510;09.05.2025 14:54
89;Herr;Daniel;Protz;97725;Elfershausen;Am Klingengraben;42;09704/9095618;daniel@comm-prefix.net;01590/60435138;01.06.2025 10:44
90;Frau;Anabell;Gehring;18334;Bad Sülze;Am Sportplatz;28;038229/5359940;einkauf@web-t.net;01570/97894585;20.05.2025 03:51
91;;Petja;Schuchard;16269;Bliesdorf;Waldweg;45;033456/7277234;p.schuchard@blue-white.de;0176/14076176;01.07.2025 15:16
92;;Napoleon;Saller;16341;Panketal;Bremer Str.;25;030/1027060;info@t-pomline.com;0179/47566672;11.06.2025 19:52
93;;Melanie;Jager;88260;Argenbühl;Alpgaustr.;9;07566/5017363;einkauf@qt-power.de;01577/64607755;12.06.2025 12:11
94;Herr;Wiebe;Beutel;65817;Eppstein;Ickstadtstr.;5;06198/6472410;w.beutel@t-pomline.de;01570/98571458;23.07.2025 06:46
95;Frau;Beate;Tanzer;24797;Breiholz;Thorhof;41;04332/2641383;beate.tanzer@qt-power.de;0172/78631892;14.05.2025 16:41
96;Herr;Peter;Biermann;33790;Halle (Westf.);Buschweg;13;05201/5569402;p.biermann@zo-texit.de;0179/75516410;18.06.2025 20:13
97;Frau;Richenza;Heinrichs;73479;Ellwangen (Jagst);Wilhelm-Maybach-Str.;29;07961/3158985;richenza@qt-power.de;0178/56403814;02.07.2025 18:02
98;Frau;Gunde;Siebert;65599;Dornburg;Irmgardishof;34;06436/7030104;;0176/53400510;08.05.2025 08:31
99;Frau;Bilhilde;Krause;19357;Karstädt;Am Dorfplatz;14;038780/866630;bilhilde@blue-white.de;0179/77708188;24.05.2025 10:24
100;;Efe;Fischer;65479;Raunheim;Rabenweg;29;06142/7245618;efe.fischer@company.com;0176/87132643;07.07.2025 21:08
101;Herr;Vitus;Schmidt;57539;Fürthen;Waldstr.;26;02682/3840283;personal@no-addr.com;01578/66621957;05.07.2025 00:18
102;Herr;Oswin;Spitznogle;92445;Neukirchen-Balbini;Haselhof;4;09465/1360388;info@company.info;;08.06.2025 01:11
103;;Mamu;Esser;57518;Betzdorf;Hähnerweg;28;;marketting@blue-white.biz;;15.05.2025 12:49
104;Frau;Theodrada;Geier;35510;Butzbach;Stautzertstr.;42;06033/1931866;theodrada@t-pomline.de;0162/65419702;29.05.2025 07:16
105;;Wyneken;Schneider;28870;Ottersberg;Achtern Hoff;45;04205/5026956;info@zo-texit.de;01516/20202355;03.06.2025 04:02
106;;Sancia;Kappel;50189;Elsdorf;Haus Etzweiler;16;02274/3418421;;01516/33824616;23.06.2025 03:50
107;Herr;Hildegrim;Wendell;97255;Sonderhofen;Am Hundsberg;1;09335/9643561;logistik@x-piros.de;01570/60922421;07.05.2025 18:34
108;;Neadelia;Baumgärtner;98528;Suhl;Brunnenstr.;1;03681/1386137;personal@blue-white.info;0176/43052909;21.07.2025 20:30
109;Frau;Marzella;Rothbauer;15295;Groß Lindow;Birkenweg;38;033609/1494659;m.rothbauer@zrp-communications.de;01523/38308524;20.06.2025 12:57
110;Frau;Dietlana;Schulte;17039;Wulkenzin;Quittenweg;36;039601/668188;info@qt-power.info;0176/82676662;07.06.2025 01:58
111;Herr;Simon;Beltz;67547;Worms;Am Alten Schlachthof;41;06241/1308400;simon@x-piros.net;;14.05.2025 19:07
112;Herr;Lutwin;Brantley;46348;Raesfeld;Kettelerstr.;11;02865/5753955;lutwin@blue-white.de;01573/68985139;17.05.2025 05:47
113;Herr;Florian;Kuhn;49716;Meppen;Püntkers Patt;40;05931/837151;florian@x-piros.de;;30.06.2025 01:55
114;Herr;Peer;Leitzke;87600;Kaufbeuren;Herbststr.;28;08341/7779990;peer.leitzke@company.net;;26.05.2025 19:16
115;;Doerk;Scheer;91332;Heiligenstadt i.OFr.;Brunn;8;09198/9126652;scheer@qt-power.net;0176/20414602;19.07.2025 03:15
116;;Dejna;Bauer;87642;Halblech;Allgäuer Str.;19;08368/2917956;d.bauer@t-pomline.de;0174/75463917;13.07.2025 20:43
117;Herr;Baldo;Hölzer;35282;Rauschenberg;Heimbacher Weg;19;06425/1762264;;01520/40430813;11.07.2025 09:59
118;;Nastya;Moser;49201;Dissen am Teutoburger Wald;Akazienweg;31;05421/2998013;moser@technikzq.de;0173/53747835;18.05.2025 04:22
119;Herr;Crishan;Bauer;57539;Fürthen;Im Sieggarten;14;02682/9353955;c.bauer@web-t.de;01520/30659313;13.05.2025 19:19
120;;Tillman;Schulte;64653;Lorsch;Friedhofstr.;16;06251/5496753;schulte@extend.de;01573/94965374;27.05.2025 21:31
121;Frau;Finnity;Kranz;91785;Pleinfeld;Sandstr.;6;09144/7766936;;01525/80183786;21.05.2025 01:22
122;Frau;Traudhilde;Groß;32549;Bad Oeynhausen;Grünlandweg;21;05731/6577217;info@extend.de;01523/58403241;07.05.2025 06:54
123;Frau;Lanielle;Horn;21244;Buchholz in der Nordheide;Tulpenweg;25;;einkauf@zo-texit.de;01578/80389115;19.05.2025 11:08
124;Frau;Triciana;Keller;30159;Hannover;Köbelingerstr.;2;0511/1466541;triciana@qt-power.net;01590/32227168;27.05.2025 13:14
125;Frau;Leanca;Werner;84494;Neumarkt-Sankt Veit;Johann-Strauß-Str.;25;08637/8151053;leanca.werner@comm-prefix.de;0177/75062816;26.05.2025 05:28
126;;Clara;Groß;18246;Jabelitz;Dorfstr.;42;038462/9497236;clara@zo-texit.de;01520/40007817;14.05.2025 01:03
127;Frau;Natalie;Hölzer;59929;Brilon;Am Poppenberg;11;02961/4365842;personal@comm-prefix.de;0172/52784276;07.05.2025 10:45
128;Frau;Thomke;Köhl;73207;Plochingen;Gablenberg;2;07153/9194939;khl@technikzq.info;01590/61990569;03.07.2025 02:34
129;Frau;Bo;Rothenberg;52525;Heinsberg;Auf dem Pfädchen;5;02452/1110231;personal@company.com;01590/58526444;11.07.2025 10:51
130;;Fabian;Werner;28857;Syke;Zum Kolk;31;04242/440640;f.werner@extend.net;01590/76192739;07.06.2025 05:19
131;Herr;Götz;Geier;26939;Ovelgönne;Winterbahn;17;04480/4967767;logistik@zo-texit.de;0177/91114625;02.07.2025 10:29
132;Frau;Reingard;Leverenz;46446;Emmerich am Rhein;Ginsterweg;19;;r.leverenz@zrp-communications.de;01577/93510913;20.07.2025 11:53
133;Frau;Oryana;Kaufer;59227;Ahlen;Warendorfer Str.;37;02382/2498377;oryana.kaufer@t-pomline.de;0178/55525200;29.05.2025 08:25
134;Frau;Hilka;Biermann;88437;Maselheim;Veilchenweg;13;07351/1269946;personal@x-piros.de;01578/52087025;21.05.2025 08:37
135;Frau;Sabrina;Kaiser;31246;Ilsede;An der Bundesstr.;11;05174/8801324;sabrina.kaiser@company.de;0179/57267171;06.05.2025 22:06
136;;Fawini;Koch;42579;Heiligenhaus;Ahrweg;37;02056/5839771;fawini@t-pomline.com;01577/72082895;25.05.2025 11:07
137;Frau;Reinhild;Wolf;64732;Bad König;Am Gänsbrunnen;39;06063/8279897;r.wolf@web-t.de;;01.05.2025 22:58
138;;Melanie;Schwarz;45131;Essen;Brassertstr.;34;0201/5785595;info@t-pomline.de;01525/82737510;09.05.2025 14:54
139;Herr;Daniel;Protz;97725;Elfershausen;Am Klingengraben;42;09704/9095618;daniel@comm-prefix.net;01590/60435138;01.06.2025 10:44
140;Frau;Anabell;Gehring;18334;Bad Sülze;Am Sportplatz;28;038229/5359940;einkauf@web-t.net;01570/97894585;20.05.2025 03:51
141;;Petja;Schuchard;16269;Bliesdorf;Waldweg;45;033456/7277234;p.schuchard@blue-white.de;0176/14076176;01.07.2025 15:16
142;;Napoleon;Saller;16341;Panketal;Bremer Str.;25;030/1027060;info@t-pomline.com;0179/47566672;11.06.2025 19:52
143;;Melanie;Jager;88260;Argenbühl;Alpgaustr.;9;07566/5017363;einkauf@qt-power.de;01577/64607755;12.06.2025 12:11
144;Herr;Wiebe;Beutel;65817;Eppstein;Ickstadtstr.;5;06198/6472410;w.beutel@t-pomline.de;01570/98571458;23.07.2025 06:46
145;Frau;Beate;Tanzer;24797;Breiholz;Thorhof;41;04332/2641383;beate.tanzer@qt-power.de;0172/78631892;14.05.2025 16:41
146;Herr;Peter;Biermann;33790;Halle (Westf.);Buschweg;13;05201/5569402;p.biermann@zo-texit.de;0179/75516410;18.06.2025 20:13
147;Frau;Richenza;Heinrichs;73479;Ellwangen (Jagst);Wilhelm-Maybach-Str.;29;07961/3158985;richenza@qt-power.de;0178/56403814;02.07.2025 18:02
148;Frau;Gunde;Siebert;65599;Dornburg;Irmgardishof;34;06436/7030104;;0176/53400510;08.05.2025 08:31
149;Frau;Bilhilde;Krause;19357;Karstädt;Am Dorfplatz;14;038780/866630;bilhilde@blue-white.de;0179/77708188;24.05.2025 10:24
150;;Efe;Fischer;65479;Raunheim;Rabenweg;29;06142/7245618;efe.fischer@company.com;0176/87132643;07.07.2025 21:08
151;Herr;Vitus;Schmidt;57539;Fürthen;Waldstr.;26;02682/3840283;personal@no-addr.com;01578/66621957;05.07.2025 00:18
152;Herr;Oswin;Spitznogle;92445;Neukirchen-Balbini;Haselhof;4;09465/1360388;info@company.info;;08.06.2025 01:11
153;;Mamu;Esser;57518;Betzdorf;Hähnerweg;28;;marketting@blue-white.biz;;15.05.2025 12:49
154;Frau;Theodrada;Geier;35510;Butzbach;Stautzertstr.;42;06033/1931866;theodrada@t-pomline.de;0162/65419702;29.05.2025 07:16
155;;Wyneken;Schneider;28870;Ottersberg;Achtern Hoff;45;04205/5026956;info@zo-texit.de;01516/20202355;03.06.2025 04:02
156;;Sancia;Kappel;50189;Elsdorf;Haus Etzweiler;16;02274/3418421;;01516/33824616;23.06.2025 03:50
157;Herr;Hildegrim;Wendell;97255;Sonderhofen;Am Hundsberg;1;09335/9643561;logistik@x-piros.de;01570/60922421;07.05.2025 18:34
158;;Neadelia;Baumgärtner;98528;Suhl;Brunnenstr.;1;03681/1386137;personal@blue-white.info;0176/43052909;21.07.2025 20:30
159;Frau;Marzella;Rothbauer;15295;Groß Lindow;Birkenweg;38;033609/1494659;m.rothbauer@zrp-communications.de;01523/38308524;20.06.2025 12:57
160;Frau;Dietlana;Schulte;17039;Wulkenzin;Quittenweg;36;039601/668188;info@qt-power.info;0176/82676662;07.06.2025 01:58
161;Herr;Simon;Beltz;67547;Worms;Am Alten Schlachthof;41;06241/1308400;simon@x-piros.net;;14.05.2025 19:07
162;Herr;Lutwin;Brantley;46348;Raesfeld;Kettelerstr.;11;02865/5753955;lutwin@blue-white.de;01573/68985139;17.05.2025 05:47
163;Herr;Florian;Kuhn;49716;Meppen;Püntkers Patt;40;05931/837151;florian@x-piros.de;;30.06.2025 01:55
164;Herr;Peer;Leitzke;87600;Kaufbeuren;Herbststr.;28;08341/7779990;peer.leitzke@company.net;;26.05.2025 19:16
165;;Doerk;Scheer;91332;Heiligenstadt i.OFr.;Brunn;8;09198/9126652;scheer@qt-power.net;0176/20414602;19.07.2025 03:15
166;;Dejna;Bauer;87642;Halblech;Allgäuer Str.;19;08368/2917956;d.bauer@t-pomline.de;0174/75463917;13.07.2025 20:43
167;Herr;Baldo;Hölzer;35282;Rauschenberg;Heimbacher Weg;19;06425/1762264;;01520/40430813;11.07.2025 09:59
168;;Nastya;Moser;49201;Dissen am Teutoburger Wald;Akazienweg;31;05421/2998013;moser@technikzq.de;0173/53747835;18.05.2025 04:22
169;Herr;Crishan;Bauer;57539;Fürthen;Im Sieggarten;14;02682/9353955;c.bauer@web-t.de;01520/30659313;13.05.2025 19:19
170;;Tillman;Schulte;64653;Lorsch;Friedhofstr.;16;06251/5496753;schulte@extend.de;01573/94965374;27.05.2025 21:31
171;Frau;Finnity;Kranz;91785;Pleinfeld;Sandstr.;6;09144/7766936;;01525/80183786;21.05.2025 01:22
172;Frau;Traudhilde;Groß;32549;Bad Oeynhausen;Grünlandweg;21;05731/6577217;info@extend.de;01523/58403241;07.05.2025 06:54
173;Frau;Lanielle;Horn;21244;Buchholz in der Nordheide;Tulpenweg;25;;einkauf@zo-texit.de;01578/80389115;19.05.2025 11:08
174;Frau;Triciana;Keller;30159;Hannover;Köbelingerstr.;2;0511/1466541;triciana@qt-power.net;01590/32227168;27.05.2025 13:14
175;Frau;Leanca;Werner;84494;Neumarkt-Sankt Veit;Johann-Strauß-Str.;25;08637/8151053;leanca.werner@comm-prefix.de;0177/75062816;26.05.2025 05:28
176;;Clara;Groß;18246;Jabelitz;Dorfstr.;42;038462/9497236;clara@zo-texit.de;01520/40007817;14.05.2025 01:03
177;Frau;Natalie;Hölzer;59929;Brilon;Am Poppenberg;11;02961/4365842;personal@comm-prefix.de;0172/52784276;07.05.2025 10:45
178;Frau;Thomke;Köhl;73207;Plochingen;Gablenberg;2;07153/9194939;khl@technikzq.info;01590/61990569;03.07.2025 02:34
179;Frau;Bo;Rothenberg;52525;Heinsberg;Auf dem Pfädchen;5;02452/1110231;personal@company.com;01590/58526444;11.07.2025 10:51
180;;Fabian;Werner;28857;Syke;Zum Kolk;31;04242/440640;f.werner@extend.net;01590/76192739;07.06.2025 05:19
181;Herr;Götz;Geier;26939;Ovelgönne;Winterbahn;17;04480/4967767;logistik@zo-texit.de;0177/91114625;02.07.2025 10:29
182;Frau;Reingard;Leverenz;46446;Emmerich am Rhein;Ginsterweg;19;;r.leverenz@zrp-communications.de;01577/93510913;20.07.2025 11:53
183;Frau;Oryana;Kaufer;59227;Ahlen;Warendorfer Str.;37;02382/2498377;oryana.kaufer@t-pomline.de;0178/55525200;29.05.2025 08:25
184;Frau;Hilka;Biermann;88437;Maselheim;Veilchenweg;13;07351/1269946;personal@x-piros.de;01578/52087025;21.05.2025 08:37
185;Frau;Sabrina;Kaiser;31246;Ilsede;An der Bundesstr.;11;05174/8801324;sabrina.kaiser@company.de;0179/57267171;06.05.2025 22:06
186;;Fawini;Koch;42579;Heiligenhaus;Ahrweg;37;02056/5839771;fawini@t-pomline.com;01577/72082895;25.05.2025 11:07
187;Frau;Reinhild;Wolf;64732;Bad König;Am Gänsbrunnen;39;06063/8279897;r.wolf@web-t.de;;01.05.2025 22:58
188;;Melanie;Schwarz;45131;Essen;Brassertstr.;34;0201/5785595;info@t-pomline.de;01525/82737510;09.05.2025 14:54
189;Herr;Daniel;Protz;97725;Elfershausen;Am Klingengraben;42;09704/9095618;daniel@comm-prefix.net;01590/60435138;01.06.2025 10:44
190;Frau;Anabell;Gehring;18334;Bad Sülze;Am Sportplatz;28;038229/5359940;einkauf@web-t.net;01570/97894585;20.05.2025 03:51
191;;Petja;Schuchard;16269;Bliesdorf;Waldweg;45;033456/7277234;p.schuchard@blue-white.de;0176/14076176;01.07.2025 15:16
192;;Napoleon;Saller;16341;Panketal;Bremer Str.;25;030/1027060;info@t-pomline.com;0179/47566672;11.06.2025 19:52
193;;Melanie;Jager;88260;Argenbühl;Alpgaustr.;9;07566/5017363;einkauf@qt-power.de;01577/64607755;12.06.2025 12:11
194;Herr;Wiebe;Beutel;65817;Eppstein;Ickstadtstr.;5;06198/6472410;w.beutel@t-pomline.de;01570/98571458;23.07.2025 06:46
195;Frau;Beate;Tanzer;24797;Breiholz;Thorhof;41;04332/2641383;beate.tanzer@qt-power.de;0172/78631892;14.05.2025 16:41
196;Herr;Peter;Biermann;33790;Halle (Westf.);Buschweg;13;05201/5569402;p.biermann@zo-texit.de;0179/75516410;18.06.2025 20:13
197;Frau;Richenza;Heinrichs;73479;Ellwangen (Jagst);Wilhelm-Maybach-Str.;29;07961/3158985;richenza@qt-power.de;0178/56403814;02.07.2025 18:03
198;Frau;Gunde;Siebert;65599;Dornburg;Irmgardishof;34;06436/7030104;;0176/53400510;08.05.2025 08:31
199;Frau;Bilhilde;Krause;19357;Karstädt;Am Dorfplatz;14;038780/866630;bilhilde@blue-white.de;0179/77708188;24.05.2025 10:24
200;;Efe;Fischer;65479;Raunheim;Rabenweg;29;06142/7245618;efe.fischer@company.com;0176/87132643;07.07.2025 21:08
201;Herr;Vitus;Schmidt;57539;Fürthen;Waldstr.;26;02682/3840283;personal@no-addr.com;01578/66621957;05.07.2025 00:18
202;Herr;Oswin;Spitznogle;92445;Neukirchen-Balbini;Haselhof;4;09465/1360388;info@company.info;;08.06.2025 01:11
203;;Mamu;Esser;57518;Betzdorf;Hähnerweg;28;;marketting@blue-white.biz;;15.05.2025 12:49
204;Frau;Theodrada;Geier;35510;Butzbach;Stautzertstr.;42;06033/1931866;theodrada@t-pomline.de;0162/65419702;29.05.2025 07:16
205;;Wyneken;Schneider;28870;Ottersberg;Achtern Hoff;45;04205/5026956;info@zo-texit.de;01516/20202355;03.06.2025 04:02
206;;Sancia;Kappel;50189;Elsdorf;Haus Etzweiler;16;02274/3418421;;01516/33824616;23.06.2025 03:50
207;Herr;Hildegrim;Wendell;97255;Sonderhofen;Am Hundsberg;1;09335/9643561;logistik@x-piros.de;01570/60922421;07.05.2025 18:34
208;;Neadelia;Baumgärtner;98528;Suhl;Brunnenstr.;1;03681/1386137;personal@blue-white.info;0176/43052909;21.07.2025 20:30
209;Frau;Marzella;Rothbauer;15295;Groß Lindow;Birkenweg;38;033609/1494659;m.rothbauer@zrp-communications.de;01523/38308524;20.06.2025 12:57
210;Frau;Dietlana;Schulte;17039;Wulkenzin;Quittenweg;36;039601/668188;info@qt-power.info;0176/82676662;07.06.2025 01:58
211;Herr;Simon;Beltz;67547;Worms;Am Alten Schlachthof;41;06241/1308400;simon@x-piros.net;;14.05.2025 19:07
212;Herr;Lutwin;Brantley;46348;Raesfeld;Kettelerstr.;11;02865/5753955;lutwin@blue-white.de;01573/68985139;17.05.2025 05:47
213;Herr;Florian;Kuhn;49716;Meppen;Püntkers Patt;40;05931/837151;florian@x-piros.de;;30.06.2025 01:55
214;Herr;Peer;Leitzke;87600;Kaufbeuren;Herbststr.;28;08341/7779990;peer.leitzke@company.net;;26.05.2025 19:16
215;;Doerk;Scheer;91332;Heiligenstadt i.OFr.;Brunn;8;09198/9126652;scheer@qt-power.net;0176/20414602;19.07.2025 03:15
216;;Dejna;Bauer;87642;Halblech;Allgäuer Str.;19;08368/2917956;d.bauer@t-pomline.de;0174/75463917;13.07.2025 20:43
217;Herr;Baldo;Hölzer;35282;Rauschenberg;Heimbacher Weg;19;06425/1762264;;01520/40430813;11.07.2025 09:59
218;;Nastya;Moser;49201;Dissen am Teutoburger Wald;Akazienweg;31;05421/2998013;moser@technikzq.de;0173/53747835;18.05.2025 04:22
219;Herr;Crishan;Bauer;57539;Fürthen;Im Sieggarten;14;02682/9353955;c.bauer@web-t.de;01520/30659313;13.05.2025 19:19
220;;Tillman;Schulte;64653;Lorsch;Friedhofstr.;16;06251/5496753;schulte@extend.de;01573/94965374;27.05.2025 21:31
221;Frau;Finnity;Kranz;91785;Pleinfeld;Sandstr.;6;09144/7766936;;01525/80183786;21.05.2025 01:22
222;Frau;Traudhilde;Groß;32549;Bad Oeynhausen;Grünlandweg;21;05731/6577217;info@extend.de;01523/58403241;07.05.2025 06:54
223;Frau;Lanielle;Horn;21244;Buchholz in der Nordheide;Tulpenweg;25;;einkauf@zo-texit.de;01578/80389115;19.05.2025 11:08
224;Frau;Triciana;Keller;30159;Hannover;Köbelingerstr.;2;0511/1466541;triciana@qt-power.net;01590/32227168;27.05.2025 13:14
225;Frau;Leanca;Werner;84494;Neumarkt-Sankt Veit;Johann-Strauß-Str.;25;08637/8151053;leanca.werner@comm-prefix.de;0177/75062816;26.05.2025 05:28
226;;Clara;Groß;18246;Jabelitz;Dorfstr.;42;038462/9497236;clara@zo-texit.de;01520/40007817;14.05.2025 01:03
227;Frau;Natalie;Hölzer;59929;Brilon;Am Poppenberg;11;02961/4365842;personal@comm-prefix.de;0172/52784276;07.05.2025 10:45
228;Frau;Thomke;Köhl;73207;Plochingen;Gablenberg;2;07153/9194939;khl@technikzq.info;01590/61990569;03.07.2025 02:34
229;Frau;Bo;Rothenberg;52525;Heinsberg;Auf dem Pfädchen;5;02452/1110231;personal@company.com;01590/58526444;11.07.2025 10:51
230;;Fabian;Werner;28857;Syke;Zum Kolk;31;04242/440640;f.werner@extend.net;01590/76192739;07.06.2025 05:19
231;Herr;Götz;Geier;26939;Ovelgönne;Winterbahn;17;04480/4967767;logistik@zo-texit.de;0177/91114625;02.07.2025 10:29
232;Frau;Reingard;Leverenz;46446;Emmerich am Rhein;Ginsterweg;19;;r.leverenz@zrp-communications.de;01577/93510913;20.07.2025 11:53
233;Frau;Oryana;Kaufer;59227;Ahlen;Warendorfer Str.;37;02382/2498377;oryana.kaufer@t-pomline.de;0178/55525200;29.05.2025 08:25
234;Frau;Hilka;Biermann;88437;Maselheim;Veilchenweg;13;07351/1269946;personal@x-piros.de;01578/52087025;21.05.2025 08:37
235;Frau;Sabrina;Kaiser;31246;Ilsede;An der Bundesstr.;11;05174/8801324;sabrina.kaiser@company.de;0179/57267171;06.05.2025 22:06
236;;Fawini;Koch;42579;Heiligenhaus;Ahrweg;37;02056/5839771;fawini@t-pomline.com;01577/72082895;25.05.2025 11:07
237;Frau;Reinhild;Wolf;64732;Bad König;Am Gänsbrunnen;39;06063/8279897;r.wolf@web-t.de;;01.05.2025 22:58
238;;Melanie;Schwarz;45131;Essen;Brassertstr.;34;0201/5785595;info@t-pomline.de;01525/82737510;09.05.2025 14:54
239;Herr;Daniel;Protz;97725;Elfershausen;Am Klingengraben;42;09704/9095618;daniel@comm-prefix.net;01590/60435138;01.06.2025 10:44
240;Frau;Anabell;Gehring;18334;Bad Sülze;Am Sportplatz;28;038229/5359940;einkauf@web-t.net;01570/97894585;20.05.2025 03:51
241;;Petja;Schuchard;16269;Bliesdorf;Waldweg;45;033456/7277234;p.schuchard@blue-white.de;0176/14076176;01.07.2025 15:16
242;;Napoleon;Saller;16341;Panketal;Bremer Str.;25;030/1027060;info@t-pomline.com;0179/47566672;11.06.2025 19:52
243;;Melanie;Jager;88260;Argenbühl;Alpgaustr.;9;07566/5017363;einkauf@qt-power.de;01577/64607755;12.06.2025 12:11
244;Herr;Wiebe;Beutel;65817;Eppstein;Ickstadtstr.;5;06198/6472410;w.beutel@t-pomline.de;01570/98571458;23.07.2025 06:46
245;Frau;Beate;Tanzer;24797;Breiholz;Thorhof;41;04332/2641383;beate.tanzer@qt-power.de;0172/78631892;14.05.2025 16:41
246;Herr;Peter;Biermann;33790;Halle (Westf.);Buschweg;13;05201/5569402;p.biermann@zo-texit.de;0179/75516410;18.06.2025 20:13
247;Frau;Richenza;Heinrichs;73479;Ellwangen (Jagst);Wilhelm-Maybach-Str.;29;07961/3158985;richenza@qt-power.de;0178/56403814;02.07.2025 18:03
248;Frau;Gunde;Siebert;65599;Dornburg;Irmgardishof;34;06436/7030104;;0176/53400510;08.05.2025 08:31
249;Frau;Bilhilde;Krause;19357;Karstädt;Am Dorfplatz;14;038780/866630;bilhilde@blue-white.de;0179/77708188;24.05.2025 10:24
250;;Efe;Fischer;65479;Raunheim;Rabenweg;29;06142/7245618;efe.fischer@company.com;0176/87132643;07.07.2025 21:08
